{"Mean":{"confidence_interval":{"confidence_level":0.95,"lower_bound":-0.8077352408187897,"upper_bound":3.5869415706211027},"point_estimate":-0.0972237659062617,"standard_error":1.1162374111044564},"Median":{"confidence_interval":{"confidence_level":0.95,"lower_bound":-0.0069661687505733205,"upper_bound":0.012083298648620122},"point_estimate":0.0005357428879377846,"standard_error":0.004630364277316333}}