{"Mean":{"confidence_interval":{"confidence_level":0.95,"lower_bound":334.4452183708314,"upper_bound":1556.9832027653445},"point_estimate":743.1296863819288,"standard_error":404.74268842359123},"Median":{"confidence_interval":{"confidence_level":0.95,"lower_bound":329.5432168799723,"upper_bound":333.9515046696645},"point_estimate":330.70505394635217,"standard_error":1.1185751236593917},"MedianAbsDev":{"confidence_interval":{"confidence_level":0.95,"lower_bound":6.081926760798928,"upper_bound":11.046303170921398},"point_estimate":7.7629264664273245,"standard_error":1.3359836656509998},"Slope":{"confidence_interval":{"confidence_level":0.95,"lower_bound":334.5733081865654,"upper_bound":344.52143453019585},"point_estimate":338.84161205438915,"standard_error":2.576333999713444},"StdDev":{"confidence_interval":{"confidence_level":0.95,"lower_bound":17.18658980720859,"upper_bound":6950.804290519962},"point_estimate":4053.9628909187104,"standard_error":2541.254096262506}}