{"Mean":{"confidence_interval":{"confidence_level":0.95,"lower_bound":30.834072627416226,"upper_bound":31.930691582278982},"point_estimate":31.35379032217496,"standard_error":0.2785727197127576},"Median":{"confidence_interval":{"confidence_level":0.95,"lower_bound":30.12562316542326,"upper_bound":30.544558395659443},"point_estimate":30.28645049592365,"standard_error":0.12425577262726219},"MedianAbsDev":{"confidence_interval":{"confidence_level":0.95,"lower_bound":0.8080454169752095,"upper_bound":1.550625897237175},"point_estimate":1.1140709456029148,"standard_error":0.19560894761655065},"Slope":{"confidence_interval":{"confidence_level":0.95,"lower_bound":30.89575427354265,"upper_bound":32.15053576000059},"point_estimate":31.503665937864714,"standard_error":0.3211074820875487},"StdDev":{"confidence_interval":{"confidence_level":0.95,"lower_bound":2.0662109475620216,"upper_bound":3.4639349994364164},"point_estimate":2.795086904712651,"standard_error":0.3596120974817002}}