{"Mean":{"confidence_interval":{"confidence_level":0.95,"lower_bound":17.29403824005325,"upper_bound":17.678215494516365},"point_estimate":17.47861971882483,"standard_error":0.09826880423720366},"Median":{"confidence_interval":{"confidence_level":0.95,"lower_bound":17.018651504297996,"upper_bound":17.2534401646376},"point_estimate":17.131720190029647,"standard_error":0.055694527419189996},"MedianAbsDev":{"confidence_interval":{"confidence_level":0.95,"lower_bound":0.3123310916889938,"upper_bound":0.7001140972524621},"point_estimate":0.4861534253500064,"standard_error":0.09552184365397007},"Slope":{"confidence_interval":{"confidence_level":0.95,"lower_bound":17.416263117359367,"upper_bound":17.880000430809677},"point_estimate":17.6388566656702,"standard_error":0.11809161250841228},"StdDev":{"confidence_interval":{"confidence_level":0.95,"lower_bound":0.7676610239809517,"upper_bound":1.1776810652685008},"point_estimate":0.9881493101696871,"standard_error":0.1049958739214188}}